customer_message,brand_response,human_intent,human_handling,human_notes,predicted_intent,handling_decision,handling_reason
@AmazonHelp Please could you resend the email to the address on the account. I think it got auto deleted from my junk folder. I’ve updated the address.,"@170180 Alas, we don't have access to those systems via Twitter. Please ring or chat here to request another: https://t.co/JzP7hlA23B ^JD",account_order_privacy,escalate,,account_order_privacy,escalate,Message contains sensitive or account-related keyword: 'account'
"@AmazonHelp No, can you please read my tweet. I’ve said there’s no update. Can someone please tell me where my parcel is?",@124066 Sorry for this experience. Please complete the form here: https://t.co/tkLCr7DNil and someone from our team will be in touch.^PK,delivery_issue,auto_handle,,delivery_issue,auto_handle,Common low-risk support question suitable for an initial automated response
"@115830 4 months after purchase these “amazon basics, taotronics” earphones have packed in. Won’t take a charge or turn on. How do I exchange or get a refund on these? https://t.co/l3toAfNQO5","@591075 So sorry for the trouble, Ed! We're here to help! Just to confirm, have you had the chance to review available options here: https://t.co/2Zr2WBwaa2? ^VB",refund_cancellation,escalate,,refund_cancellation,escalate,Message contains sensitive or account-related keyword: 'refund'
@AmazonHelp my 4yo bought a bunch of shit on our #kindle that I did not authorize. How do I get that money bqck??,@277596 I'm sorry to hear about this; please contact our support team directly so we can review your order details with you: https://t.co/hApLpMlfHN ^WM,digital_content_support,escalate,,digital_content_support,escalate,digital_content_support may require account verification or detailed troubleshooting
"@AmazonHelp the item hasn't been delivered yet- it was delayed, so I wanted it cancelled.",@219633 Is it sold directly by Amazon or by a marketplace seller? ^PK,refund_cancellation,escalate,,refund_cancellation,escalate,Message contains sensitive or account-related keyword: 'cancel'
@AmazonHelp I’ve been trying for ages now I’ve even deleted my card details and re put them in???? Help??!! https://t.co/Hte6ChgCPh,"@777473 So sorry for the frustrations, Helen! Just to be clear, have you tried the steps listed at the following link to update payment? https://t.co/7JX1GPaNt2 ^MW",account_order_privacy,escalate,,account_order_privacy,escalate,account_order_privacy may require account verification or detailed troubleshooting
@AmazonHelp well done amazon Prime. Promised date 17/10... today being told delivery will happen on 20/10 👏🏼amazing service 💀,@483221 Sorry to hear this. Has any reason been given for the delay? ^KM,delivery_date_confusion,auto_handle,,delivery_date_confusion,auto_handle,Common low-risk support question suitable for an initial automated response
@117634 Is there any possibility I can exchange/upgrade my recently purchased Kindle paperwhite to the newly launched Oasis?,@763640 Kindly get in touch with our kindle team here: https://t.co/tc3VJIYzxn and they'll be able to assist you accordingly. ^AU,digital_content_support,escalate,,digital_content_support,escalate,digital_content_support may require account verification or detailed troubleshooting
@AmazonHelp i have already added the card and its not showing in the list while making payment,@510805 Please reach out to our support team here: https://t.co/vlvfJr4nN9. We will look into it.  2/2 ^SB,prime_membership_billing,escalate,,prime_membership_billing,escalate,Message contains sensitive or account-related keyword: 'payment'
@AmazonHelp @120533 Inadmissible... Pourquoi payer un abonnement prime pour une livraison toujours pas reçu ? Via @132988 ! https://t.co/I51CDONsua,"@330413 Bonjour, je suis désolé d'apprendre cela. Avez-vous contacté notre service client afin d'effectuer des recherches ? ^ME",prime_membership_billing,escalate,,prime_membership_billing,escalate,Message contains sensitive or account-related keyword: 'dm'
@123813 ya tienen compatibilidad con chromecast?,"@220858 Hola, ¡NO MOLESTAR! Cualquier información relacionada con el lanzamiento de una aplicación compatible con Chromecast u otro dispositivo similar será anunciada de forma oficial a través de nuestro sitio web, te recomendamos estar atento a los mismos. ^CB",general_feedback,auto_handle,,general_feedback,auto_handle,Common low-risk support question suitable for an initial automated response
@115850 I wanted to ask a query regarding my refund!But your call back is simply not working and your customer service number is unresponsive!!,@443164 I understand you are unable to contact us via phone. You may connect with us using the chat or email option. ^VH,refund_cancellation,escalate,,refund_cancellation,escalate,Message contains sensitive or account-related keyword: 'refund'
"@AmazonHelp is there a problem with prime video can't watch movies on LG smart TV,  says insufficient bandwidth. Works fine on my IPad and have no internet issues","@303026 Hi, sorry to hear about the issues that are occurring with your app. Are you able to uninstall and reinstall the app ? ^CR",digital_content_support,escalate,,digital_content_support,escalate,digital_content_support may require account verification or detailed troubleshooting
@AmazonHelp I had a verified counterfeit product and I HAD to explain your A-Z guarantee policy. They were NOT going to issue refund.,@392389 Please be sure to reply to the survey sent after you called. Responses are seen by the rep and their supervisor. ^AN,refund_cancellation,escalate,,refund_cancellation,escalate,Message contains sensitive or account-related keyword: 'refund'
"@115821 @AmazonHelp @86288  Now my knife set came from an Amazon warehouse deal. It just said it would be re-packaged, not scratch/dent. I was even expecting some level of scratch/dent. Not a mangled block and missing sharpener insert. What you sent me is an absolute joke. https://t.co/TILi7PNhPV",@638016 Hi Tyler- Sorry you're unhappy with this- Have you checked out what options are available in our return support center: https://t.co/4EcwyahJ5U ^NV,delivery_issue,auto_handle,,delivery_issue,auto_handle,Common low-risk support question suitable for an initial automated response
"@AmazonHelp I order two products 7/10/2017.
Order no- 407-1429305-3674761
Order no- 407-2054464-8216339","@218635 Sorry about the order. We'd like to investigate this further, please share your details here: https://t.co/cQVomR1pWz. ^HA",account_order_privacy,escalate,,account_order_privacy,escalate,account_order_privacy may require account verification or detailed troubleshooting
@115830 pre ordered darker but it wasn’t delivered the day it was released &amp; now ive been told you dont know when i will receive it &amp; it may take up to another week to get here  😡,"@818393 I'm sorry for the frustration! To clarify, what is the status shown here: https://t.co/BQmcNXViiI? ^SJ",delivery_issue,auto_handle,,delivery_issue,auto_handle,Common low-risk support question suitable for an initial automated response
"@AmazonHelp Non, ni pour la commande de replacement (mais je la vois dans mes commandes), ni pour le mois supplémentaire gratuit. Juste le récap’ tchat https://t.co/vvPi81Ih7P","@330413 Merci de patienter, si vous ne recevez pas d'email de confirmation dans la journée merci de relancer notre SAV pour vérifier.^BR",product_replacement,escalate,,product_replacement,escalate,product_replacement may require account verification or detailed troubleshooting
@AmazonHelp Told me to wait till 20th but still unsoved?,@203470 I understand you're disappointed. Please respond to the email correspondence that was sent by the social media team for further assistance. Appreciate your understanding. ^NK,general_feedback,auto_handle,,general_feedback,auto_handle,Common low-risk support question suitable for an initial automated response
"@AmazonHelp Thanks. But why there are no human assistance on support team? The issue of not being able to connect to the delivery boy remains the same,",@343906 so that we can get in touch with you. (2/2) ^VM,delivery_issue,auto_handle,,delivery_issue,auto_handle,Common low-risk support question suitable for an initial automated response
@115830 i know its been black friday but it seems to take longer and longer before an item is dispatched these days,"@126810 I'm sorry for the long wait in dispatch times! We're here to help if we can. Just to clarify, do you currently have an order that is currently awaiting dispatch? ^AL",general_feedback,auto_handle,,general_feedback,auto_handle,Common low-risk support question suitable for an initial automated response
"Hi @115850, I've rcvd broken jam bottle in order#402-9826918-9096335 bcz of inappropriate packaging. The box was crushed. https://t.co/ZR0rWTLGAo",@175065 Apologies for the trouble with your order. We'll get this checked. Please report this to our support (1/2) ^HD,product_replacement,escalate,,product_replacement,escalate,product_replacement may require account verification or detailed troubleshooting
No reimbursement for apparels even when they are used by customers. Please please do something quickly. #HearUsAmazon @115850 @115851,@506248 I'm sorry for the trouble. You can create a return/replacement here:  https://t.co/3yqvLnQuoQ ^RW,refund_cancellation,auto_handle,,refund_cancellation,auto_handle,Common low-risk support question suitable for an initial automated response
"@AmazonHelp Thank you, I have sent an e-mail to you wishing to add a safe place to my order. Will I receive a refund for one day delivery also?","@707423 We don't have access to your account through social media, however, if your reach us directly via the link ^RA provided, we'll be able to look into available options for you. ^BV",delivery_date_confusion,escalate,,delivery_date_confusion,escalate,Message contains sensitive or account-related keyword: 'refund'
"@AmazonHelp Hey, I needed to send details about the cash back which I didnt get.Your exe gave my wife an email id which I have misplaced. Need that to send the files also",@665604 You may reach out to our support team using the link provided here: https://t.co/2t6DQoUmNZ. They are the right ones to assist you in this regard.^AR,account_order_privacy,escalate,,account_order_privacy,escalate,account_order_privacy may require account verification or detailed troubleshooting
@123765 allowed @115833 to use alexa to post to twitter but @784 does not have similar skill for us why enable it for us,"@206110 Thousands of Indian &amp; global developers are bringing more than 10,000 skills to customers in India. We'll add them soon. ^SG",technical_device_issue,escalate,,technical_device_issue,escalate,technical_device_issue may require account verification or detailed troubleshooting
"Queria um Kindle pra ler, mas a @115821 não existe em Portugal, o site .pt redireciona pra Espanha :(","@372208 Olá Ilonavarro, nuestro website Amazon.es tiene disponible los Kindle para envío a Portugal: https://t.co/YuEuLOobsc. ^DA",digital_content_support,escalate,,digital_content_support,escalate,digital_content_support may require account verification or detailed troubleshooting
@AmazonHelp Pls refer to the order no - 403-3039380-2521925.Thanks.,"@386765 Also, please don't provide your order details here. We consider it personal info. Our twitter page is visible to public. ^VN (2/2)",account_order_privacy,escalate,,account_order_privacy,escalate,account_order_privacy may require account verification or detailed troubleshooting
"@115850 Pathetic Service, you cannot do a simple exchange of ORDER # 404-5594665-1909102. You are asking to cancel the current order and pay extra for colour change","@197674 Please don't provide your order details, we consider it personal information. Our Twitter page is visible to public. ^VN (2/2)",product_replacement,escalate,Manual review: keyword baseline predicted refund_cancellation; primary issue interpreted as product_replacement.,refund_cancellation,escalate,Message contains sensitive or account-related keyword: 'cancel'
@115833 can i use echo plus adapter or echo show adapter for my echo spot?,@381691 Hi Bilial. Please reach out - https://t.co/hApLpMlfHN a digital specialist will be happy to assist ^TP,technical_device_issue,escalate,,technical_device_issue,escalate,technical_device_issue may require account verification or detailed troubleshooting
"@AmazonHelp Hi, i have some credit on my amazon account, can i use this credit on 'Amazon Prime Now'? Thanks",@562510 Have you received an error when trying to order using your gift cards? ^BM,prime_membership_billing,escalate,,prime_membership_billing,escalate,Message contains sensitive or account-related keyword: 'account'
@115821 still waiting for my package even though your reps said it'd be here before 10:30am..I'm highly disappointed 😓,"@236044 I'm so sorry you haven't received your order! Without giving account specific details, please let us know who the carrier is for this package. You can find that here: https://t.co/Y5jpI9gRhE ^HS",delivery_issue,auto_handle,,delivery_issue,escalate,Message contains high-risk support phrase: 'waiting for'
@115850 Bhaio Amazon se bhul kar v mobile tablet mat kharido kyuki inka polcy h no return no refund no exchange,@172546 That's quite a comment. Could you tell us if any of your concerns went unattended so that we can assist you accordingly?^SF,refund_cancellation,escalate,,refund_cancellation,escalate,Message contains sensitive or account-related keyword: 'refund'
"@AmazonHelp So, how do I️ go about getting the order replaced?  Plus they need to add a sponge to my order to soak up all the water that poured out",@515217 Please let us look into this and go over options. Use this link so that we may do so:  https://t.co/hApLpMlfHN ^DO,product_replacement,escalate,,product_replacement,escalate,product_replacement may require account verification or detailed troubleshooting
@AmazonHelp I’m deployed to Poland and trying to use Prime Video but keep getting the restriction message.,@458895 Please try the items shown on our Watch Abroad page: https://t.co/gT1CaOANHq ^DO,digital_content_support,escalate,,digital_content_support,escalate,digital_content_support may require account verification or detailed troubleshooting
@AmazonHelp when i placed order delivery date was 28 OCT and when shipped date changed to 30 Oct why,"@268571 We understand your concern about estimates, Rajat. Our delivery estimate is calculated based on multiple criteria, (1/n) ^SV",delivery_date_confusion,auto_handle,,delivery_date_confusion,auto_handle,Common low-risk support question suitable for an initial automated response
"@115821 amazon prime is great, except when the wrong product gets sent to you.",@709579 Oh no! Have you experienced an issue with a recent order? ^DG,prime_membership_billing,escalate,,prime_membership_billing,escalate,Message contains sensitive or account-related keyword: 'wrong product'
"@AmazonHelp Fiz um pedido de um kindle ontem, paguei com cartão de débito, mais o valor não foi debitado na minha conta ainda, a transação ocorreu sem problemas, queria saber por que o valor não foi debitado, no site diz que o pedido está ok, mais tem alguma coisa errada",@404534 (2/2) você recebeu algum e-mail por parte da Amazon informando se houve algum problema com o pedido? ^AZ,digital_content_support,escalate,,digital_content_support,escalate,digital_content_support may require account verification or detailed troubleshooting
@119625 Pls pls bring Bollywood Hollywood to the catalog. #BollywoodHollywoodTheMovie #2002,@172576 Thanks for the feedback. I'll be sure to pass along your feedback to our team internally and have this reviewed. ^MM,digital_content_support,escalate,,digital_content_support,escalate,digital_content_support may require account verification or detailed troubleshooting
@115821 what happened here? Literally it’s in the same city as me and now the delivery date has been pushed back? https://t.co/vQpLyGMcUO,@406999 Sorry to see this - pls feel to contact UPS to see if they can confirm a delivery date : https://t.co/k8E2ZyCdqH  ^TD,delivery_date_confusion,auto_handle,,delivery_date_confusion,auto_handle,Common low-risk support question suitable for an initial automated response
@115850 Can You Provide  Status of My Order. My Order No 403-9757567-2512343,"@293797 Also, please don't provide your order/account details as we consider them to be personal information. ^HK",account_order_privacy,escalate,,account_order_privacy,escalate,account_order_privacy may require account verification or detailed troubleshooting
"Amazon India delivered a fake Iphone 7 matte black to my doorstep. Perks of being a prime member!
@115850 @115821 @115858 @4088 https://t.co/kc9uAAKvJc","@188011 Please don’t provide the order details, we consider it to be personal info. Our Twitter page is visible to public. 2/2 ^MA",delivery_issue,escalate,,delivery_issue,escalate,Message contains sensitive or account-related keyword: 'phone'
@AmazonHelp @1840 3 times you've broken ur promises. How can i believe that you ll resolve it earliest? Dnt let us beg for our money.customers r not beggers.,@158382 Request you to wait till then. [2/2]^SK,product_replacement,escalate,,product_replacement,escalate,product_replacement may require account verification or detailed troubleshooting
Still waiting for @115830 to call me regarding my complaint about their poor Prime service. Was supposed to happen on 28/10/17... 😡,@122485 I'm sorry to hear this! Have you checked for any e-mails indicating they haven't been able to reach you? ^MJ,prime_membership_billing,escalate,,prime_membership_billing,escalate,Message contains sensitive or account-related keyword: 'call me'
@116439 Why is the @189997 now app so poor on you 2nd Gen stick?  Picture quality drops like every 30-45 seconds.,@473917 I'm sorry about the trouble. We're happy to look into it for you here: https://t.co/hApLpMlfHN ^LI,technical_device_issue,escalate,,technical_device_issue,escalate,technical_device_issue may require account verification or detailed troubleshooting
Hi @115830. Thanks for my Prime delivery today. Who pays for a replacement letterbox please? https://t.co/tLLnGGpdrW,"@714306 I'm so sorry about the damage to your letterbox, Dave! Can you reach out to us via phone here so that we can look into this with you?  https://t.co/JzP7hlA23B ^GS",product_replacement,escalate,,product_replacement,escalate,product_replacement may require account verification or detailed troubleshooting
Estoy impresionado de la rapidez con la que llego mi pedido que hice ayer por la tarde en @116875 lástima que se lo voy a dar a mi sobrino hasta navidad.,"@187538 ¡Hola, Jesus! Es que nosotros entrenamos bastante para llevar los paquetes a tiempo 😂😂. Cuéntanos, ¿qué le vas a regalar a tu sobrino? ^LC https://t.co/YVTXZ9Go2i",general_feedback,auto_handle,,general_feedback,auto_handle,Common low-risk support question suitable for an initial automated response
"@115830 why do you give ""Guaranteed"" delivery dates when you consistently miss them. What is the guaruntee?","@429300 Hi Chris, apologies, are you currently waiting on a delayed order: https://t.co/aaDyEz1VgE? ^JJ",delivery_date_confusion,auto_handle,,delivery_date_confusion,auto_handle,Common low-risk support question suitable for an initial automated response
"@AmazonHelp Chill guys.. I already have a Echo dot, enjoying it 😀",@350881 That's awesome :). Which skill is it that you enjoy a lot? ^GS,technical_device_issue,escalate,,technical_device_issue,escalate,technical_device_issue may require account verification or detailed troubleshooting
".@115821 charged my credit card without my permission. Tried to talk to someone there, &amp; they are incapable of understanding that what they did was theft. Amazon is too large, &amp; no one is held accountable. @115851 makes his millions &amp; we get shafted. #badcustomerservice","@656710 I'm sorry for the unexpected charge! When you contacted us, were we able to explain the charge? What options were we able to provide? We want to make sure this is resolved for you! ^BN",prime_membership_billing,escalate,,prime_membership_billing,escalate,Message contains sensitive or account-related keyword: 'charged'
@115821 I can't figure out how to actually buy anything on your app? https://t.co/x9MfItxvDy,"@484116 What device are you attempting to make the purchase on? Let us know, we're glad to help! ^JE",technical_device_issue,escalate,,technical_device_issue,escalate,technical_device_issue may require account verification or detailed troubleshooting
"@115821 @116016 - Amazon Chase Reward CC, used points for purchase, cancel purchase. How long until I got my AZM points back into my acct?",@423971 It can take up to 5 business days for you points to go back to your account: https://t.co/MCcbbII6vY ^VS,refund_cancellation,escalate,,refund_cancellation,escalate,Message contains sensitive or account-related keyword: 'cancel'
@AmazonHelp account blocked man!,"@158308 To clarify, are you saying you're locked out of your account? If so, have you received an e-mail from an Account Specialist? ^WJ",account_order_privacy,escalate,,account_order_privacy,escalate,Message contains sensitive or account-related keyword: 'account'
@AmazonHelp Just dropped them off at the ups store. Sure hope this doesn't happen to anyone else,"@236682 Thank you for the update, and your patience! ^JR",technical_device_issue,escalate,,technical_device_issue,escalate,technical_device_issue may require account verification or detailed troubleshooting
"@AmazonHelp Prime package late, then cs says arrive today and then another delay sent to wrong carrier PO and now is going other direction",@308585 I'm sorry for the wait! Which carrier is delivering the order? You can check for this here: https://t.co/Y5jpI9gRhE ^BH,delivery_issue,auto_handle,,delivery_issue,auto_handle,Common low-risk support question suitable for an initial automated response
アマゾンを名乗る架空請求詐欺なメールが来た。メールってかショートメッセージだけど。,@619302 こんにちは、アマゾンです。当サイトの名をかたる架空請求詐欺が増えております。そのようなメールに記載されている連絡先には、ご連絡なさらないようお気を付けください。詳しくは、こちらをご参照ください。https://t.co/r6R7EU9RIb YM,general_feedback,auto_handle,,general_feedback,auto_handle,Common low-risk support question suitable for an initial automated response
"@115850 If you cant honor orders, stop taking orders and then cancelling it once we lose opportunity to buy from your competitor!! Check OrderId 407-3570338-2876318 and 407-8674147-6797957. Get mature to do business !!","@385288 Please don't provide your order details, we consider it to be personal information. Our page is visible to the public. (2/2) ^JS",refund_cancellation,escalate,,refund_cancellation,escalate,Message contains sensitive or account-related keyword: 'cancel'
@AmazonHelp @UPSHelp had a problem with 2 deliveries. #UPS finally contacted me. Looks like it will get resolved tomorrow. Now #Amazon is blowing me off and not calling me to discuss how they can make it right for me. What is it with these 2 companies?,"@765138 I'm sorry for the delay, Curtis! We've received your information and we'll be in touch. Thanks for reaching out to us for an update! ^EA",delivery_date_confusion,auto_handle,Manual review: keyword baseline predicted general_feedback; primary issue interpreted as delivery_date_confusion.,general_feedback,auto_handle,Common low-risk support question suitable for an initial automated response
@115850 was excited to shop during sale but my refund still not credited. ☹️,@214772 Could you please tell us when was the refund issued? ^NR 2/2,refund_cancellation,escalate,,refund_cancellation,escalate,Message contains sensitive or account-related keyword: 'refund'
@AmazonHelp Now it doesn't matter of previous orders but make sure this will deliver toay itself. Today is last delivery date. IT IS URGENT,@132980 Please wait till the end of the day. I'm positive that the order should be delivered. Thank you for your understanding. ^SC,delivery_date_confusion,auto_handle,,delivery_date_confusion,auto_handle,Common low-risk support question suitable for an initial automated response
"@AmazonHelp Yes, 4 times till now. All they are doing is rescheduling the pick up and pick up services are cancelling them!","@486084 Sorry for the hassle with the pick up. We’d like to help you, please fill this form: https://t.co/beaaDm0muc . 1/2 ^RI",refund_cancellation,escalate,,refund_cancellation,escalate,Message contains sensitive or account-related keyword: 'cancel'
When will I be able to return an item @115821 ?,@658230 I am not sure I understand what you are asking. Without providing account details could you tell me more about what's going on? ^CN,general_feedback,auto_handle,,general_feedback,auto_handle,Common low-risk support question suitable for an initial automated response
"@AmazonHelp you sent me a 30 day free trial when i log in its trying to take payment of £7.99, thats not a 30 day free trial.","@250059 Have you ever had a free trial of Amazon Prime in the past? As long as you are eligible for the trial, we won't charge you for the membership until the 30-day trial period has ended: https://t.co/yAZZm1sgfi ^MB",prime_membership_billing,escalate,,prime_membership_billing,escalate,Message contains sensitive or account-related keyword: 'payment'
"@AmazonHelp registro do Kindle para usar a conta 1, aí teria que redefinir o K./conta veiculada de novo para ter acesso aos novos livros comprados? 🤔",@545613 Olá! Você poderá baixar e ler no seu Kindle só os eBooks comprados desde a conta onde o dispositivo está registrado. (1/2),digital_content_support,escalate,,digital_content_support,escalate,digital_content_support may require account verification or detailed troubleshooting
"@115821 / @AmazonHelp - Two day delivery is the promise, not “two days + processing + transit time.” Feeling like a 2nd class Prime member. https://t.co/tflnDw0Uin",@375664 (1/2) I'm sorry fr the wait! Two-Day shipping only applies after the item ships out. You can view all shipping,delivery_date_confusion,auto_handle,,delivery_date_confusion,auto_handle,Common low-risk support question suitable for an initial automated response
@AmazonHelp Matter is resolved through Amazon Helpdesk. Thanks for prompt action. Appreciate it!,@791482 Thanks for letting us know you were assisted. It's nice of you to follow up with a comment regarding the services. Do keep us posted for any further assistance. ^SV,technical_device_issue,escalate,,technical_device_issue,escalate,technical_device_issue may require account verification or detailed troubleshooting
"@AmazonHelp Yes, checked it online first but there was no status update for 2 days and it's way past the guaranteed delivery date.",@330845 I apologize for the delay. Who's the carrier shown here: https://t.co/Y5jpI9gRhE ^AG,delivery_date_confusion,auto_handle,,delivery_date_confusion,auto_handle,Common low-risk support question suitable for an initial automated response
"@AmazonHelp I was charged 104 bucks two months ago, for something I didn't purchase and  still haven't gotten a refund.","@677878 I'm sorry you haven't received a refund yet. Have you had a chance to reach out to us about this? If so, what was advised? ^VS",refund_cancellation,escalate,Manual review: keyword baseline predicted prime_membership_billing; primary issue interpreted as refund_cancellation.,prime_membership_billing,escalate,Message contains sensitive or account-related keyword: 'refund'
Queria tanto um Kindle Paperwhite.. Vai rolar promoção na Black Friday @117086?,@629291 Olá! A Black Friday será no dia 24 de novembro. Fique de olho no nosso site e nas nossas redes sociais para novidades. ^JJ,digital_content_support,escalate,,digital_content_support,escalate,digital_content_support may require account verification or detailed troubleshooting
"@115850:Issue with Order 402-1504192-7579549,product advertised as 'Fitbit' but it wasn't an original one.No pickup for return order so had to ship it at my personal expense (Rs 360).The product has reached the seller before 2 months but no signs of my refund yet,Disappointing!","@748047 Sorry for the disappointment with the refund of your order, we certainly did not expect this to happen. Kindly report this to our support team here: https://t.co/TdDksLo6Mf. We'll look into it. 1/2 ^PS",refund_cancellation,escalate,,refund_cancellation,escalate,Message contains sensitive or account-related keyword: 'refund'
@115850 order no. 447199191841 is still pending since 16th fake message by Amazon team,@561519 I'm sorry you've not received your order. We'd like to look into it. Kindly report this to our support team here:^AR 1/3,account_order_privacy,escalate,,account_order_privacy,escalate,account_order_privacy may require account verification or detailed troubleshooting
@115850 Hi Amazon my account has been closed without reason please help . There is no proper response from __email__,"@182608 We're following up on your concern, here: https://t.co/ThTaQUyCpg. ^YP",account_order_privacy,escalate,,account_order_privacy,escalate,Message contains sensitive or account-related keyword: 'account'
"@AmazonHelp Yes, my prime 2-day delivery date was yesterday, the 19th.",@320321 I'm so sorry it's late! Have you received an updated delivery date? ^WJ,delivery_date_confusion,auto_handle,,delivery_date_confusion,auto_handle,Common low-risk support question suitable for an initial automated response
@AmazonHelp hola buenos días tengo un problema y es que me han cobrado la cuota de 20 euros de amazon prime y yo no tengo amazon prime quiero que me devuelvan el dinero ya que no quería efectuar el pago me di de baja,"@242936 Hola Oscar, lamentamos lo sucedido. Por este medio no contamos con acceso a tu cuenta, por favor contacta nuestro Servicio al Cliente mediante el siguiente enlace: https://t.co/OjvUxw5YqE. ^AZ",prime_membership_billing,escalate,,prime_membership_billing,auto_handle,Common low-risk support question suitable for an initial automated response
@AmazonHelp This has been ongoing since June. Last contact was 10/22 with account specialists. Just getting the run around. Very disheartening,"@393949 I'm terribly sorry for the trouble, Paige. For the best resolution, please respond to the e-mail with the requested info. ^FD",account_order_privacy,escalate,,account_order_privacy,escalate,Message contains sensitive or account-related keyword: 'account'
@AmazonHelp ordered vinyl expected today. now getting delivery date of 4th december. please help??,@791889 I'm sorry for this delay. Did you recieve a notificaton on this change in delivery date:  https://t.co/aaDyEz1VgE ^DO,delivery_date_confusion,auto_handle,,delivery_date_confusion,auto_handle,Common low-risk support question suitable for an initial automated response
"@119625 How come you only have 10 episodes of #suits in season 6, I didn't pay for prime to have unfinished season #disappointed",@431440 Unfortunately these episodes are no longer available. We’re constantly adding new content to our library. 1/2^MS,prime_membership_billing,escalate,,prime_membership_billing,escalate,Message contains high-risk support phrase: 'unfinished season'
"@AmazonHelp It's still in its plastic, but the disc is loose and there is rattling parts, it has been squashed or broken during transit or packing. I didn't click return on the website because it will cost me more than the original item and postage combined to return the broken DVD.",@143375 Was this item shipped and sold by Amazon or a Marketplace seller? ^DO,product_replacement,escalate,,product_replacement,escalate,product_replacement may require account verification or detailed troubleshooting
@AmazonHelp Do we have a driver with GPS dyslexia? I mean it takes all sorts...,@472837 I'm so sorry you don't have your delivery! Please reach out to us here: https://t.co/JzP7hlA23B and we can help. ^TK,general_feedback,auto_handle,,general_feedback,auto_handle,Common low-risk support question suitable for an initial automated response
@AmazonHelp Can you please send the mail again to the corresponding account __email__,"@513721 Please don't provide your email Id, we consider it to be personal information. Our page is visible to the public. 2/2 ^RI",account_order_privacy,escalate,,account_order_privacy,escalate,Message contains sensitive or account-related keyword: 'account'
"@115830 Amazon prime: horrible customer service for a very misleading marketing: pretending free trial and then been told it's not a free trial, APPALING","@643630 I'm so sorry you are having trouble with the Prime free trial. Could you give me more information about what's happening? We're here to help.
^AV",prime_membership_billing,escalate,,prime_membership_billing,escalate,Message contains high-risk support phrase: 'not a free trial'
"@115821 Order #407-2108775-9443517 
#FRAUD #CHEAT #SELLER_OF_DEFECTIVE_GOOD #BULLY https://t.co/KYjMDr3lxU",@599860 Sorry about the inconvenience. We'd like to take a closer look at this. ^NR 1/3,product_replacement,escalate,,product_replacement,escalate,product_replacement may require account verification or detailed troubleshooting
@AmazonHelp I have no idea whether it is on hold or no.Tried changing the password stll showing incorrect password.regstrd id __email__,@380108 Please don’t provide your details here as we consider them to be personal information. Our page is visible to public. ^GS,account_order_privacy,escalate,,account_order_privacy,escalate,Message contains sensitive or account-related keyword: 'password'
"@115850 first u send to me a wrong item. Then when I ask for the right product, u ask me to send it myself lest giving the right product.",@367384 certain pin codes Request you to self return the item through any courier. 2/2 ^NK,product_replacement,escalate,,product_replacement,escalate,Message contains sensitive or account-related keyword: 'wrong item'
@AmazonHelp i am unable to view amazon prime video titles on my pc. accessed it through edge and firefox browsers,"@692197 We have checked and everything seems to be fine. Request you to clear all the cookies, cache and browsing history. If still having issues, please let us know of any specific error. ^BS",digital_content_support,escalate,,digital_content_support,escalate,digital_content_support may require account verification or detailed troubleshooting
"@AmazonHelp Hi, I moved to Japan. Can I change something that I can use amazon prime video here? Coming from Germany",@562035 Are you going to be using Amazon.jp? ^BM,digital_content_support,escalate,,digital_content_support,escalate,digital_content_support may require account verification or detailed troubleshooting
"@AmazonHelp hi, is there any way of telling who sent me a parcel in my name?","@238169 Hi there, please get in touch with us and provide the tracking details/address. We may be able to look it up for you. ^SH",delivery_issue,auto_handle,,delivery_issue,auto_handle,Common low-risk support question suitable for an initial automated response
@AmazonHelp This is the same page for replacement queries. I have initiated replacement again now. Hope it is resolved soon!,"@419252 Okay... For any further assistance, keep us posted. ^HR",product_replacement,escalate,,product_replacement,escalate,product_replacement may require account verification or detailed troubleshooting
@AmazonHelp All prime products on Amazon UK are again showing delivery next Monday 27th Not next day or two day delivery. Every Item listed as Prime does not have prime delivery. This is the same issue that appeared at the beginning of the month!,"@142694 Delivery dates for Black Friday sales and Cyber Week deals may take slightly longer than usual. For more information, please click here: https://t.co/VVOzWBy7Pj I hope this helps! ^NN",delivery_date_confusion,auto_handle,,delivery_date_confusion,auto_handle,Common low-risk support question suitable for an initial automated response
@AmazonHelp Please make sure this gets escalated and I receive a call.,"@326613 Sure, as you've shared your details we'll get back to you. ^HN",delivery_issue,auto_handle,,delivery_issue,auto_handle,Common low-risk support question suitable for an initial automated response
"@AmazonHelp you have sent me another phone with a defective screen. Larger, more numerous scratches inside the display. I have raised a replacement/engineer request already but I want you to understand this is absolutely not done","@226493 Also, please reach out to our support team here:https://t.co/vlvfJr4nN9 for further assistance. 2/2 ^EM",product_replacement,escalate,,product_replacement,escalate,Message contains sensitive or account-related keyword: 'phone'
@115833 @116439 Not working with indian model of echo dot and fire tv stick,@253358 Keep checking the Echo page for new devices that will support Alexa. ^NR,technical_device_issue,escalate,Manual review: keyword baseline predicted product_replacement; primary issue interpreted as technical_device_issue.,product_replacement,escalate,product_replacement may require account verification or detailed troubleshooting
@AmazonHelp Received email inviting me to buy from Amazon seller for £200 extra! No certain delivery date and stock issues are cited. Ordered in August!,@430841 Apologies for any disappointment. We'll be in touch with info as soon as possible. ^TS,delivery_date_confusion,auto_handle,,delivery_date_confusion,auto_handle,Common low-risk support question suitable for an initial automated response
Hey @115821 @AmazonHelp U &amp; whoever Gretchen Stoecker is need to get it together &amp; give me MY BACKPACK!! It’s a week past it’s delivery date,@777437 I'm sorry you haven't received your backpack! Have you sent an e-mail to the seller yet: https://t.co/C3lZn95sfM ? ^DD,delivery_date_confusion,auto_handle,,delivery_date_confusion,auto_handle,Common low-risk support question suitable for an initial automated response
"@115821 how long does it take to get refunded on a canceled order cause i got charged. I made the wrong item purchase, bleh.",@400034 I'm sorry you haven't received your refund! Have you reached out to our Customer Support team: https://t.co/hApLpMlfHN? ^ME,refund_cancellation,escalate,,refund_cancellation,escalate,Message contains sensitive or account-related keyword: 'refund'
@AmazonHelp Was dropping it off at a post office but I put the wrong postcode in !,@359360 Did you already drop off your return or do you still have the parcel?^DO,general_feedback,auto_handle,,general_feedback,auto_handle,Common low-risk support question suitable for an initial automated response
1/If I sign up directly with Britbox can I use those credentials with @amazonhelp Prime Video's Britbox content?,@189554 Great question! You won't be able to use the credentials on Amazon due to it being two separate services. ^AB,digital_content_support,escalate,,digital_content_support,escalate,digital_content_support may require account verification or detailed troubleshooting
@AmazonHelp Oui le message envoyé par SMS ou il y a un numéro,"@222203 Oui tout à fait, il suffit juste s’inscrire au service Alertes SMS via la page suivante : https://t.co/26GKFk6cVE ^SB",general_feedback,auto_handle,,general_feedback,auto_handle,Common low-risk support question suitable for an initial automated response
"@116090 Hi! Just curious as to why my prime orders are showing a delivery date of Monday, Dec. 4th when I ordered them last night? Why aren't they arriving this week? Is it because of black friday/cyber monday?","@800859 Thanks for reaching out to us! With Black Friday and Cyber Monday, our fulfillment centers are working hard to get items out as quickly as possible.  Check out this Help page for more insight about Prime shipping, https://t.co/gAsvs93INs. ^AV",delivery_date_confusion,auto_handle,,delivery_date_confusion,auto_handle,Common low-risk support question suitable for an initial automated response
"@115850 @AmazonHelp Come on guys, how could you do this to your staunch customer? A product I wanted to buy never got dispatched and I've been charged nevertheless. Could you provide relief to a poor guy like me? 😫😥😢",@820898 I'm sorry for the trouble caused due to this order. Please get in touch with our support team here: https://t.co/2t6DQoUmNZ for further assistance on it. ^RW,prime_membership_billing,escalate,,prime_membership_billing,escalate,Message contains sensitive or account-related keyword: 'charged'
俺のAmazonプライムはクレしん映画と孤独のグルメ再生機となってる,@281474 |ω・).｡o(プライム・ビデオをご利用いただき、ありがとうございます！✨) YM,general_feedback,auto_handle,,general_feedback,auto_handle,Common low-risk support question suitable for an initial automated response
"I request for return and replacement it's done but from amazon someone say your pincode can't come to collect.
Pincode: 392240
If amazon give permission to change return address.
@AmazonHelp",@788678 I understand you want to change the return pick up address. Please connect with our support team here: https://t.co/vlvfJr4nN9 and we'll assist you further. ^KH,product_replacement,escalate,,product_replacement,escalate,product_replacement may require account verification or detailed troubleshooting
@AmazonHelp It knows I am in Kozhikode but it thinks Kozhikode is in Kansas and gives me the weather info of Kansas instead of Kozhikode. Is there any other question I can ask Alexa to make her tell or indicate where I am?,"@441736 I understand your concern. In that case, please contact our support team here: https://t.co/HQhpS2qeEd. ^MN",technical_device_issue,escalate,,technical_device_issue,escalate,technical_device_issue may require account verification or detailed troubleshooting
@115850 I have created return request a month ago for below order id and called and scheduled pickup 4 times but no response from you. Highly disappointed. Not expected from you https://t.co/pi1y6P5hOW,"@754807 Please don't provide your order details, we consider it to be personal information. Our page is visible to the public.  2/2 ^RI",technical_device_issue,escalate,,technical_device_issue,escalate,technical_device_issue may require account verification or detailed troubleshooting
@AmazonHelp Just spoke to CS and it's all sorted now. Courier company is shocking anyone xouks have stolen  the rest of my parcels....,@229713 Thanks for letting us know alls sorted! Please don't hesitate to contact us again if there's anything we can do to help. ^CS,delivery_issue,auto_handle,,delivery_issue,auto_handle,Common low-risk support question suitable for an initial automated response
@AmazonHelp Already provided even wrote to @115851 and @115850 but no use hopeless,"@158494 If you've shared your details with us, you can check for our response here : https://t.co/DTSNmGldJf. Do keep us posted. ^CB",general_feedback,auto_handle,,general_feedback,auto_handle,Common low-risk support question suitable for an initial automated response
Hi @115830 - emailed twice about a missing parcel and no response. Never showed up and I have to wait over ten days for a replacement which should have arrived on 18th Nov.,"@283017 Bethan, I am so sorry for your experience. Please give us a call or chat with us so that we can take a look at your options here: https://t.co/JzP7hlA23B ^VF",product_replacement,escalate,,product_replacement,escalate,product_replacement may require account verification or detailed troubleshooting
@AmazonHelp Amazon music not streaming properly through sonos. But only one of three enabled devices. Have disabled devices from app and forgotten devices from website. Reset the echo. Still not streaming  and then saying echo streaming when not.,"@743829 Thanks for the information! We would like to look into the issue you're running into a bit more. If you could contact us here: https://t.co/JzP7hlRCV9 via the phone or chat, we'd be happy to help! ^TE",technical_device_issue,escalate,,technical_device_issue,escalate,technical_device_issue may require account verification or detailed troubleshooting
Hi @115850  can I exchange my 1 year old kindle oasis for the new one?,@180809 Kindly contact our team here: https://t.co/tc3VJIYzxn and we'll help you. ^GK,digital_content_support,escalate,,digital_content_support,escalate,digital_content_support may require account verification or detailed troubleshooting
Merci @120533 pour cette nouvelle #KindleOasis je l’adore 😍😍 #addict,@749122 Tout est fait pour apaiser vos moments de lecture 😌 Vous êtes sur quel ouvrage en ce moment 🤔 ?! ^MH,digital_content_support,escalate,,digital_content_support,escalate,digital_content_support may require account verification or detailed troubleshooting
@AmazonHelp Hi - yeah I ordered it yesterday on Prime and the delivery date says today. https://t.co/OR1HH1BiB2,"@256947 It could be out for delivery later. You can nominate a neighbour or indicate a safe place for delivery if you won't be in, for more info: https://t.co/ZaQ75Xvfz9 ^BD",delivery_date_confusion,auto_handle,,delivery_date_confusion,auto_handle,Common low-risk support question suitable for an initial automated response
#Amazon I have purchased few products on 21 Sept Which are  not yet delivered to me ever after crossing 10 days of expected delivery date.,@169209 reach out to our support team here:https://t.co/vlvfJr4nN9 and we'll help you right away. 2/2^EM,delivery_date_confusion,auto_handle,Manual review: keyword baseline predicted delivery_issue; primary issue interpreted as delivery_date_confusion.,delivery_issue,auto_handle,Common low-risk support question suitable for an initial automated response
"@115821 You send faulty products, then send replacements and expect customers to arrange their own carrier for return. #Badcustomerservice",@705754 I'm sorry for this issue. Did you have a chance to look over our Returns Costs &amp; Methods: https://t.co/tIQd7OrSG7? ^DO,product_replacement,escalate,,product_replacement,escalate,product_replacement may require account verification or detailed troubleshooting
@AmazonHelp So please issue the refund of price difference,"@297523 I do understand your concern. However, I'm sorry we do not offer a price match. Appreciate your understanding. ^EM",refund_cancellation,escalate,,refund_cancellation,escalate,Message contains sensitive or account-related keyword: 'refund'
@119625 Their is only 2 episodes of laakho mein ek.. When you will upload all episode??,@318322 Where we highlight the latest movies and TV shows we have available.(2/2)^MN,digital_content_support,escalate,,digital_content_support,escalate,digital_content_support may require account verification or detailed troubleshooting
@115850 totally shit service. offer seen on main page first not applied and now your guys ask for proof for your fraud #Amazonfail,@191151 We've responded to your query here: https://t.co/UhG0gDKYNV. Kindly check. ^PS,technical_device_issue,escalate,,technical_device_issue,escalate,technical_device_issue may require account verification or detailed troubleshooting
@AmazonHelp cashback for the recharge haven't yet received.,"@822357 Sorry to know about that. Please call us here: https://t.co/TK4yevTaND, we'll check it  for you. ^NR",prime_membership_billing,escalate,,prime_membership_billing,escalate,Message contains sensitive or account-related keyword: 'charge'
@AmazonHelp Box left out on wet grass and book is water damaged. Please can we arrange a replacement. https://t.co/le2cMXxy1o,"@552389 Oh no, I'm sorry you received your book in this condition! Please contact our support team using this link so we can review return/replacement options with you: https://t.co/JzP7hlA23B ^WM",product_replacement,escalate,,product_replacement,escalate,product_replacement may require account verification or detailed troubleshooting
"@AmazonHelp membership,hell of a slow delivery,Prime membership I guess is of not much use if you are taking this much of time","@348604 Apologies for any trouble. However, orders are delivered as per the estimated delivery date, we request you to wait.^RS",prime_membership_billing,escalate,,prime_membership_billing,escalate,Message contains high-risk support phrase: 'slow delivery'
"@AmazonHelp Nope, there haven’t been any updates on the tracking since Monday at 5pm","@268682 Thanks for letting us know. We still expect the delivery to be made. If you don't receive it by Sunday, please have us call you via: https://t.co/hApLpMlfHN ^MG",delivery_issue,auto_handle,,delivery_issue,auto_handle,Common low-risk support question suitable for an initial automated response
"@AmazonHelp I have tried these steps but I couldn't find invoice option there.
Can you please send me invoice through mail if I send you my Amazon account details.","@734907 Unfortunately, we wouldn't be able to access your account/order info here. Kindly reach us via https://t.co/CNHA4voaWH and we'll help you. ^VM",account_order_privacy,escalate,,account_order_privacy,escalate,Message contains sensitive or account-related keyword: 'account'
"@AmazonHelp I just did, because this is a frequent issue. Almost every single book preorder I place, I can expect days if not a week after its release, sometimes up to a month. As a reviewer, I'm always happy to read things last...",@804879 So what did our collegues from the customer service recommend you? ^BB,technical_device_issue,escalate,,technical_device_issue,escalate,technical_device_issue may require account verification or detailed troubleshooting
@AmazonHelp That’s cause I keep hoping you will note down my order number &amp; resolve the issue &amp; not send me links to forms that I have to fill out,"@609244 Due to security reasons, we'll not be able to access your order from here. Please reach out to us from the above link. ^HN",account_order_privacy,escalate,,account_order_privacy,escalate,Message contains sensitive or account-related keyword: 'order number'
"@AmazonHelp Seems to be working now, without having cleared the cache. The issue was in both the app and the site, so caching wasn’t the issue. Thanks.",@272881 Glad everything is working properly. Thank you so much for keeping us posted. ^CO,technical_device_issue,escalate,,technical_device_issue,escalate,technical_device_issue may require account verification or detailed troubleshooting
@115850 are you gone mad.i have received no package still.but your sms says it is done.keep any system online to inform regarding it. https://t.co/i5ov35RB65,@513716 Sorry about the trouble with the delivery. Please report this to our support team here : https://t.co/vlvfJr4nN9. ^AS,delivery_issue,auto_handle,,delivery_issue,auto_handle,Common low-risk support question suitable for an initial automated response
Thanks amazon. Pay for one day delivery because today is the only day I’ll be in and now I get an email saying I have to wait another day or two. Not going to be here so what do I do now??? @AmazonHelp,@707423 I'm sorry your order has been delayed. We'd like to look into available options with you. Please reach out to us by phone at this link here: https://t.co/JzP7hlA23B ^VS,delivery_date_confusion,auto_handle,,delivery_date_confusion,auto_handle,Common low-risk support question suitable for an initial automated response
@AmazonHelp @366794 That’s not on!! Sort it out for her don’t leave it 48 hours,@366795 Accounts Specialist investigation can take up to 48 hours and they will reach out to you by email for any info they require.^RS,general_feedback,auto_handle,,general_feedback,auto_handle,Common low-risk support question suitable for an initial automated response
.@115821 @AmazonHelp Please provide word counts for your kindle editions of books!,@390133 Thank you! We would love for you to give this feedback to our Kindle team here: https://t.co/hApLpMlfHN Take care! ^DA,digital_content_support,escalate,,digital_content_support,escalate,digital_content_support may require account verification or detailed troubleshooting
"@AmazonHelp order # 206-4012294-5761923, 206-8227967-3333936  I have not had an email with a revised delivery date. Please tell me where my stuff is and when I will receive it!","@306746 We are unable to access your account via Twitter. Hmm, let's try checking here: https://t.co/xPFLPVme9W. Also, we ask that you do not provide personal account information, such as order numbers, as Twitter is a public forum. ^AL",delivery_date_confusion,auto_handle,,delivery_date_confusion,auto_handle,Common low-risk support question suitable for an initial automated response
"@115850 hey Amazon... what's up with order number 403-2212186-759151?
Why are you playing this circus with me? Never expected this!","@172245 My apologies for the order, Abdul. Did you try reaching out to our team here: https://t.co/KUG1KLMMaF ? ^KS 1/2",account_order_privacy,escalate,,account_order_privacy,escalate,Message contains sensitive or account-related keyword: 'order number'
Hallo @AmazonHelp wieso dauert in letzter Zeit Prime Versand trotzdem länger wie 2-3 Tage? Ich warte jetzt seit 4 Tagen auf ein Paket?!,"@306108 Hi, welches Lieferdatum wurde dir denn genannt? Falls dieses überschritten ist, melde dich: https://t.co/zaP5U8s49q Gruß ^TA",prime_membership_billing,escalate,,prime_membership_billing,escalate,Message contains high-risk support phrase: 'prime versand'
@115850 who the hell uses harpic for grooming? check the screenshot please https://t.co/EtaoxjbLw7,"@453859 Apologies for the confusion with the listings, I'll get this reviewed internally for corrections. ^MJ",general_feedback,auto_handle,,general_feedback,auto_handle,Common low-risk support question suitable for an initial automated response
"@AmazonHelp Siempre cumpliendo, chidas ofertas y por si las dudas, ya cheque y no es un ladrillo jajajaja. https://t.co/Ly4bzn7roL","@764944 Hola Eduardo. Estamos felices da saber que ya recibiste tu pedido. 😁😁😁 Cuéntanos, ¿ya lo estrenaste? ^HC https://t.co/ZvfoqBqnJ9",general_feedback,auto_handle,,general_feedback,auto_handle,Common low-risk support question suitable for an initial automated response
@AmazonHelp I cancelled my order with you guys. Truly disappointed.,"@311194 Apologies for the disappointment. Could you please confirm, if you've replied to the correspondence from us? ^SV",refund_cancellation,escalate,,refund_cancellation,escalate,Message contains sensitive or account-related keyword: 'cancel'
"@AmazonHelp, I submitted an application to open an account on Amazon China for a second time for the last 10 ten days and I don't receive a confirmation email.What is the usual time to receive a confirmation email?","@276629 Hi, please get in touch with the Amazon.cn customer service team here: https://t.co/axYDKprLtZ ^ET",technical_device_issue,escalate,,technical_device_issue,escalate,Message contains sensitive or account-related keyword: 'account'
Not sure why I should ever bother buying from @115821 when my preordered Scorpio @115786 One X is delayed until mid December.,@458404 Oh no! I'm so sorry for the delay. Did the email you received provide any insight into why the shipment was pushed back? ^BL,general_feedback,auto_handle,,general_feedback,auto_handle,Common low-risk support question suitable for an initial automated response
"@AmazonHelp hey guys, I've changed my p/w a few times but can't login with the new one. Please help :)","@708894 Hey, Bel! Have you tried the ""forgot your password"" link so you can create a new password to login with? Let us know, we're here!^SK",account_order_privacy,escalate,,account_order_privacy,escalate,account_order_privacy may require account verification or detailed troubleshooting
@AmazonHelp @115850 Sent a gift card but the receiver didn't receive it although money deducted from my account,@418733 That's odd. Please reach out to our support team here: https://t.co/rS49hgaADF and we'll assist you accordingly. ^MO,account_order_privacy,escalate,,account_order_privacy,escalate,Message contains sensitive or account-related keyword: 'account'
"@AmazonHelp Yes, although it is impossible to be delivered on the 2nd at this point which is when I needed the item by",@221889 I'm so sorry about that. Was that the original estimated delivery date? Or has it changed? ^DY,delivery_issue,auto_handle,,delivery_issue,auto_handle,Common low-risk support question suitable for an initial automated response
@115821 your restaurant delivery service failed me 2X in a row. Cancelled food and fake drivers are not a viable business model. #tech #amazon #restaurants #fake,@253814 I'm sorry there's been trouble with your orders! Have you been able to report this to us? If not we're available here: https://t.co/HfdiK8o5f1 ^EP,refund_cancellation,escalate,,refund_cancellation,escalate,Message contains sensitive or account-related keyword: 'cancel'
"@AmazonHelp Thanks but it won't let me initiate the return as it's over4weeks, but the product is faulty.Not sure how I initiate it, as I have no option",@523483 Hi Joanna- Were the headphones faulty on arrival or suddenly stopped working for you? ^NV,product_replacement,escalate,,product_replacement,escalate,product_replacement may require account verification or detailed troubleshooting
"@115830 Won't talk to us cos my mum is the account holder. Going in circles.
Help please.",@312361 Is it possible to get the tablet to your mom so we can troubleshoot with her? ^EM,account_order_privacy,escalate,,account_order_privacy,escalate,Message contains sensitive or account-related keyword: 'account'
"@AmazonHelp Hi, I want to try a sample “Das Reboot” on kindle but the sample only goes as far as the table of contents, can you help?",@371619 My apologies Liam. Unfortunately we're unable to change the length of the previw. ^DC,digital_content_support,escalate,,digital_content_support,escalate,digital_content_support may require account verification or detailed troubleshooting
@120540 Piccolo errore di battitura 😉 https://t.co/9kKJHjKxE4,@816946 Puoi dirci gentilmente dove hai trovato questo errore? Grazie mille in anticipo! ^EA,technical_device_issue,escalate,,technical_device_issue,escalate,technical_device_issue may require account verification or detailed troubleshooting
"Dear @115821, thank you for packing the bath towels I ordered in bubble wrap as it is very distressing to receive broken bath towels.","@405208 We're always looking for ways to improve; if you have a moment, we'd love to document your input: https://t.co/KU5PE7PLPQ ^WM",product_replacement,escalate,,product_replacement,escalate,product_replacement may require account verification or detailed troubleshooting
"Señores de @116928 podrian explicar que ocurrio anoche,despues de que confirmase un pedido de un lote,y hoy me envian lo que le ha interesado y el resto lo hayan cancelado sin comunicacion alguna. Me pueden explicar para que quiero el mando de la ps4, sin la consola?. https://t.co/w60nnbL4ZA","@271100 Hola Jose M. Nos podrías decir, ¿Tu pedido fué vendido y gestionado por Amazon o por un vendedor externo? ^JJ",refund_cancellation,escalate,,refund_cancellation,escalate,Message contains sensitive or account-related keyword: 'cancel'
@AmazonHelp Do u think it's just normal happening???this is real happened with me...do you still think it's not worth to show quality of product,"@119703 Be assured, we've shared your comments with internal teams for review and to improve our services. (2/2) ^SV",technical_device_issue,escalate,,technical_device_issue,escalate,technical_device_issue may require account verification or detailed troubleshooting
"@AmazonHelp Me llegó hoy el Kindle PaperWhite y tiene una franja oscura en la zona inferior, ¿Es un fallo de fábrica o es así? https://t.co/gH2VItqndS","@516731 Hola, Jose. Tu Mensaje Directo fue respondido. Saludos. ^CR",digital_content_support,escalate,,digital_content_support,escalate,digital_content_support may require account verification or detailed troubleshooting
@AmazonHelp still not received the refund...it was not acceptable from Amazon...it's really now very frustrating....plzzz refund it soon,@348859 Kindly share your details here: https://t.co/beaaDm0muc and we'll have this checked. ^GK,refund_cancellation,escalate,Manual review: keyword baseline predicted delivery_issue; primary issue interpreted as refund_cancellation.,delivery_issue,escalate,Message contains sensitive or account-related keyword: 'refund'
@115821 @116090 Do I need to buy a separate Candian prime account to use Prime benefits in Canada?,"@499535 Hi Ariel! You would need to, as Prime benefits don't transfer from site to site. ^WT",prime_membership_billing,escalate,,prime_membership_billing,escalate,Message contains sensitive or account-related keyword: 'account'
@AmazonHelp I'm getting tired of y'all promising to have books delivered the day they cone out for that to literally NEVER happen. https://t.co/4psC0HC1mm,"@510542 Hi, sorry to see that. What delivery date was confirmed in the order confirmation email? ^JJ",delivery_issue,auto_handle,,delivery_issue,auto_handle,Common low-risk support question suitable for an initial automated response
"@120533 Bien le bonjour, dites vous avez des infos sur une réappro pour https://t.co/opNE9Eoxp7
? Merci bien !","@182625 Bonjour, actuellement on ne dispose d'aucune information par rapport au réapprovisionnement de cet article. ^AR",technical_device_issue,escalate,,technical_device_issue,escalate,technical_device_issue may require account verification or detailed troubleshooting
"@AmazonHelp Please send your driver back. It has come up on my tracking that item is undeliverable, which is complete nonsense because im at home",@237623 Oh no! Sorry for the frustration! Reach out to us here: https://t.co/JzP7hlRCV9 so we can get this resolved for you! ^AD,delivery_issue,auto_handle,,delivery_issue,auto_handle,Common low-risk support question suitable for an initial automated response
@AmazonHelp Somewhat concerned that my package had left the Chino facility for going over 30 hours now with no update. (Already late).,@298106 I'm sorry we missed our mark. Who's the carrier? Do you see a new delivery date: https://t.co/Y5jpI9gRhE? ^CO,delivery_issue,auto_handle,,delivery_issue,auto_handle,Common low-risk support question suitable for an initial automated response
@115850 customer care team is the worst customer care team I have dealt with in decades @115821 @115851 wrong information rendered,@148940 We'll reply to the same with an update. ^MP 2/2,general_feedback,auto_handle,,general_feedback,auto_handle,Common low-risk support question suitable for an initial automated response
"@AmazonHelp Yes, but the point is that amazon keeps saying that the deliveries will be made the next day and then last minute informing that the delivery date has changed, despite paying for amazon prime","@736654 Hey, are we missing the estimated delivery dates provided with your order confirmation? Is this happening with a specific carrier ? ^PJ",delivery_date_confusion,auto_handle,,delivery_date_confusion,auto_handle,Common low-risk support question suitable for an initial automated response
@AmazonHelp I need help with my order please my app has shown it’ll be delivered tomorrow all day and has now changed to Wednesday,@516556 (1/2) I'm sorry your delivery date was changed! We can't access your account via Twitter.,delivery_date_confusion,escalate,Manual review: keyword baseline predicted delivery_issue; primary issue interpreted as delivery_date_confusion.,delivery_issue,escalate,Message contains high-risk support phrase: 'changed to wednesday'
"@AmazonHelp I have tried 4 times to return an item , your customer services are appalling, I am now losing patience with this and will involve @20646 if this is not resolved","@265697 Hi Gillis, I am sorry to hear that you've not had a good experience with us. Without going into any personal account information could you tell us more about it please? ^HS",technical_device_issue,escalate,,technical_device_issue,escalate,technical_device_issue may require account verification or detailed troubleshooting
@2925 @45152 why is the skill broken??  Please update @115821,@363609 Thanks for reaching out today. We'd like to help. Will you tell us more about the error you're getting with this skill? ^KB,product_replacement,escalate,,product_replacement,escalate,product_replacement may require account verification or detailed troubleshooting
@AmazonHelp Dont believe u &amp; at checkout said 2 day shipping guarantee by 10/4 but after money taken out delivery dates changed,@164544 I'm sorry for the delay! Who is the carrier on the order and what does the tracking info state: https://t.co/Y5jpI9gRhE ^TG,delivery_date_confusion,auto_handle,,delivery_date_confusion,auto_handle,Common low-risk support question suitable for an initial automated response
@AmazonHelp I said when i emailed them i wanted my money back. I replied with i want my money back.  No response,"@432933 Emma, have you had a chance to look at your options for filing a claim? You can check it out here: https://t.co/7bKHy1YG6l ^FR",refund_cancellation,auto_handle,,refund_cancellation,auto_handle,Common low-risk support question suitable for an initial automated response
"@232617 @AmazonHelp Hi there, I've tried to reschedule it but I'm not sure what else to do. It just says 'technical issue' which is frustrating.","@270744 I'm so sorry to hear this, Jessi! In this case, please contact us by phone or chat so that we can help investigate this closer with you: https://t.co/JzP7hlA23B. Please keep us posted! We want to make sure this is fully resolved for you! ^SD",technical_device_issue,escalate,,technical_device_issue,escalate,technical_device_issue may require account verification or detailed troubleshooting
@AmazonHelp i already submitted all the details and I'm just getting emails reply but not my money.,@418720 Kindly revert to the correspondence received from our team and we'll reach out to you with an update. ^SA,account_order_privacy,escalate,,account_order_privacy,escalate,account_order_privacy may require account verification or detailed troubleshooting
Oh sweet @115821 Prime is fudging its “guaranteed 2-day delivery “ thing again. Grrrr. I needed that shit today like it was promised.,@667342 I’m sorry for the wait! We strive to meet the date shown at checkout and confirmed via e-mail. Have we missed this date on the current order? Please let us know! ^TG,delivery_issue,auto_handle,,delivery_issue,auto_handle,Common low-risk support question suitable for an initial automated response
@AmazonHelp They admit that they cancelled the order by mistake but keep saying they cannot do anything to help and want me to order again. I cannot understand why I should. #Terrible service from #Amazon,"@723871 Apologies for the hassle. As mentioned earlier, canceled orders can't be reinstated. Please reach our support team through the link provided earlier. We will assist you further. ^JS",refund_cancellation,escalate,,refund_cancellation,escalate,Message contains sensitive or account-related keyword: 'cancel'
@AmazonHelp https://t.co/oKP6K1T71j contact us by phone button not working,@202264 You can use this link: https://t.co/xIcdaedBRk ^MH,product_replacement,escalate,,product_replacement,escalate,Message contains sensitive or account-related keyword: 'phone'
"@AmazonHelp The jist is that I was told that because the item was sold thru a marketplace seller, via Amazon, my only option is to get a refund and buy it again at full price. Which im not prepared to do","@130468 Once a sale or promotional offer ends, we're unable to honor the price it once was. Can you please confirm who the manufacturer is for your item? ^ST",refund_cancellation,escalate,,refund_cancellation,escalate,Message contains sensitive or account-related keyword: 'refund'
@AmazonHelp Ya I reached but they we don't provide invoices for recharge,@349573 so that we can get in touch with you. (2/2) ^VM,prime_membership_billing,escalate,,prime_membership_billing,escalate,Message contains sensitive or account-related keyword: 'charge'
"昨日の夜頼んでたやつがもうきた。Amazon仕事早い。
またおれは新しいパンが食えるらしい。 https://t.co/bgQRyy0nsx",@772574 ご利用ありがとうございます😊😊😊 ET,general_feedback,auto_handle,,general_feedback,auto_handle,Common low-risk support question suitable for an initial automated response
Amazon Prime Music  最高なのだが  instrumental 的な歌が入ってないやつを除外するようなオプションを作って欲しい。頼む。,@704593 失礼いたします、Amazonです。Prime Musicをご利用いただき、ありがとうございます🙇　ご要望拝見いたしました。ご要望の検索機能につきましては、今後の改善点として担当部署に申し伝えさせていただきます。 SM,digital_content_support,escalate,Manual review: keyword baseline predicted prime_membership_billing; primary issue interpreted as digital_content_support.,prime_membership_billing,auto_handle,Common low-risk support question suitable for an initial automated response
@AmazonHelp I responded 2 a mail by ur soc media mmbr Gowtham:He has replied to my email!,@149041 Could you please confirm if your issue was addressed? ^SQ,general_feedback,auto_handle,,general_feedback,auto_handle,Common low-risk support question suitable for an initial automated response
annoyed that i can’t gift someone KindleUnlimited in India. Why @115850?,"@124471 We don't currently offer Kindle Unlimited as a gift option in India; however, I did pass your suggestion along to our Kindle business team. More information about Kindle Unlimited is available on our Help pages: https://t.co/7AvhDfM4FO. ^MN",digital_content_support,escalate,,digital_content_support,escalate,digital_content_support may require account verification or detailed troubleshooting
"@AmazonHelp sir your customer care is extremly rude,and Doesn't care About the truth.i can not bear this fraud any way.i want replacement.",@481386 Sorry for the hassle. I'd like to look into the issue and help you out. 1/2 ^RI,product_replacement,escalate,,product_replacement,escalate,product_replacement may require account verification or detailed troubleshooting
"@8078 is the 4k60 pro in stock on the website? My @115830 order has been delayed, it's my 3rd order in a row with them that's been delayed now","@147319 Hi, I am sorry to hear that your order is delayed. Have we provided you with a time frame on when the item will be delivered ? ^CR",technical_device_issue,escalate,,technical_device_issue,escalate,technical_device_issue may require account verification or detailed troubleshooting
@AmazonHelp There is no delivery date. https://t.co/OhsSbgDC1A,"@801084 We usually find that orders are delivered within a few days of the original estimated delivery date in these rare instances. Please continue to track until Thursday and update us! For more info on late deliveries, you can go here: https://t.co/qCMyuDfMsf ^DY",delivery_date_confusion,auto_handle,,delivery_date_confusion,auto_handle,Common low-risk support question suitable for an initial automated response
@116875 con quién puedo ver una duda sobre Amazon Prime Video? 🤔,@373008 Hola M.I.K.Ξ. ¿Cómo podemos ayudarte? ¿Cuál es el inconveniente que tienes? ^JJ,digital_content_support,escalate,,digital_content_support,escalate,digital_content_support may require account verification or detailed troubleshooting
"Hi @AmazonHelp, I am writing bc I got charged twice. I am wondering if you can help me with this situation please? Thank you!","@407855 Hi there. We usually don't charge until the order ships, but you may be seeing an authorization charge. Does your statement (1/2)",prime_membership_billing,escalate,,prime_membership_billing,escalate,Message contains sensitive or account-related keyword: 'charged'
"@AmazonHelp My dear Sir, you are torturing me. I sent these details so many times in past 20 days. Your intelligence and service level are much lower than a road side shop. @135980 @61230 @120697 @120033 @144769 @29568 @136912 @61231 @120319",@183363 Kindly revert to the email sent by the Social Media team. Appreciate your understanding. 2/2 ^EM,account_order_privacy,escalate,,account_order_privacy,escalate,account_order_privacy may require account verification or detailed troubleshooting
@AmazonHelp I’ve checked and they all are for the wrong book.,"@738019 Apologies, Antony. Thank you for bringing this to our attention. We have escalated this to get it looked into. ^CN",general_feedback,auto_handle,,general_feedback,auto_handle,Common low-risk support question suitable for an initial automated response
"On the phone w/ @AmazonHelp @115821 and not getting an acceptable explanation why Prime shipping for an ""in-stock"" item will take 8 days and ""one-day"" shipping takes a week. WTF? https://t.co/zaOTMiVtFL",@216150 Some items do have a longer processing time. What were you trying to place an order for so we can take a closer look? ^JZ,prime_membership_billing,escalate,,prime_membership_billing,escalate,Message contains sensitive or account-related keyword: 'phone'
